month,date,euribor3m,year,day_of_week
dec,2007-12-03,4.839,2007,mon
dec,2007-12-04,4.858,2007,tue
dec,2007-12-05,4.871,2007,wed
dec,2007-12-06,4.884,2007,thu
dec,2007-12-07,4.891,2007,fri
dec,2007-12-10,4.902,2007,mon
dec,2007-12-11,4.927,2007,tue
dec,2007-12-12,4.953,2007,wed
dec,2007-12-13,4.948,2007,thu
dec,2007-12-14,4.941,2007,fri
dec,2007-12-17,4.949,2007,mon
dec,2007-12-18,4.876,2007,tue
dec,2007-12-19,4.812,2007,wed
dec,2007-12-20,4.79,2007,thu
dec,2007-12-21,4.774,2007,fri
dec,2007-12-24,4.765,2007,mon
dec,2007-12-27,4.765,2007,thu
dec,2007-12-28,4.69,2007,fri
dec,2007-12-31,4.684,2007,mon
jan,2008-01-02,4.665,2008,wed
jan,2008-01-03,4.644,2008,thu
jan,2008-01-04,4.63,2008,fri
jan,2008-01-07,4.616,2008,mon
jan,2008-01-08,4.598,2008,tue
jan,2008-01-09,4.597,2008,wed
jan,2008-01-10,4.591,2008,thu
jan,2008-01-11,4.576,2008,fri
jan,2008-01-14,4.558,2008,mon
jan,2008-01-15,4.541,2008,tue
jan,2008-01-16,4.509,2008,wed
jan,2008-01-17,4.446,2008,thu
jan,2008-01-18,4.411,2008,fri
jan,2008-01-21,4.393,2008,mon
jan,2008-01-22,4.33,2008,tue
jan,2008-01-23,4.288,2008,wed
jan,2008-01-24,4.302,2008,thu
jan,2008-01-25,4.383,2008,fri
jan,2008-01-28,4.378,2008,mon
jan,2008-01-29,4.383,2008,tue
jan,2008-01-30,4.381,2008,wed
jan,2008-01-31,4.374,2008,thu
feb,2008-02-01,4.367,2008,fri
feb,2008-02-04,4.368,2008,mon
feb,2008-02-05,4.372,2008,tue
feb,2008-02-06,4.359,2008,wed
feb,2008-02-07,4.353,2008,thu
feb,2008-02-08,4.331,2008,fri
feb,2008-02-11,4.334,2008,mon
feb,2008-02-12,4.334,2008,tue
feb,2008-02-13,4.34,2008,wed
feb,2008-02-14,4.342,2008,thu
feb,2008-02-15,4.355,2008,fri
feb,2008-02-18,4.358,2008,mon
feb,2008-02-19,4.36,2008,tue
feb,2008-02-20,4.366,2008,wed
feb,2008-02-21,4.373,2008,thu
feb,2008-02-22,4.374,2008,fri
feb,2008-02-25,4.379,2008,mon
feb,2008-02-26,4.382,2008,tue
feb,2008-02-27,4.386,2008,wed
feb,2008-02-28,4.387,2008,thu
feb,2008-02-29,4.384,2008,fri
mar,2008-03-03,4.383,2008,mon
mar,2008-03-04,4.391,2008,tue
mar,2008-03-05,4.401,2008,wed
mar,2008-03-06,4.429,2008,thu
mar,2008-03-07,4.497,2008,fri
mar,2008-03-10,4.558,2008,mon
mar,2008-03-11,4.597,2008,tue
mar,2008-03-12,4.605,2008,wed
mar,2008-03-13,4.606,2008,thu
mar,2008-03-14,4.617,2008,fri
mar,2008-03-17,4.652,2008,mon
mar,2008-03-18,4.654,2008,tue
mar,2008-03-19,4.664,2008,wed
mar,2008-03-20,4.674,2008,thu
mar,2008-03-25,4.699,2008,tue
mar,2008-03-26,4.718,2008,wed
mar,2008-03-27,4.728,2008,thu
mar,2008-03-28,4.731,2008,fri
mar,2008-03-31,4.727,2008,mon
apr,2008-04-01,4.731,2008,tue
apr,2008-04-02,4.736,2008,wed
apr,2008-04-03,4.741,2008,thu
apr,2008-04-04,4.741,2008,fri
apr,2008-04-07,4.742,2008,mon
apr,2008-04-08,4.742,2008,tue
apr,2008-04-09,4.744,2008,wed
apr,2008-04-10,4.744,2008,thu
apr,2008-04-11,4.747,2008,fri
apr,2008-04-14,4.753,2008,mon
apr,2008-04-15,4.764,2008,tue
apr,2008-04-16,4.774,2008,wed
apr,2008-04-17,4.784,2008,thu
apr,2008-04-18,4.794,2008,fri
apr,2008-04-21,4.805,2008,mon
apr,2008-04-22,4.82,2008,tue
apr,2008-04-23,4.829,2008,wed
apr,2008-04-24,4.837,2008,thu
apr,2008-04-25,4.847,2008,fri
apr,2008-04-28,4.848,2008,mon
apr,2008-04-29,4.857,2008,tue
apr,2008-04-30,4.857,2008,wed
may,2008-05-02,4.855,2008,fri
may,2008-05-05,4.857,2008,mon
may,2008-05-06,4.857,2008,tue
may,2008-05-07,4.856,2008,wed
may,2008-05-08,4.855,2008,thu
may,2008-05-09,4.855,2008,fri
may,2008-05-12,4.857,2008,mon
may,2008-05-13,4.856,2008,tue
may,2008-05-14,4.859,2008,wed
may,2008-05-15,4.86,2008,thu
may,2008-05-16,4.859,2008,fri
may,2008-05-19,4.858,2008,mon
may,2008-05-20,4.856,2008,tue
may,2008-05-21,4.858,2008,wed
may,2008-05-22,4.855,2008,thu
may,2008-05-23,4.857,2008,fri
may,2008-05-26,4.857,2008,mon
may,2008-05-27,4.857,2008,tue
may,2008-05-28,4.857,2008,wed
may,2008-05-29,4.86,2008,thu
may,2008-05-30,4.864,2008,fri
jun,2008-06-02,4.865,2008,mon
jun,2008-06-03,4.864,2008,tue
jun,2008-06-04,4.864,2008,wed
jun,2008-06-05,4.866,2008,thu
jun,2008-06-06,4.967,2008,fri
jun,2008-06-09,4.961,2008,mon
jun,2008-06-10,4.96,2008,tue
jun,2008-06-11,4.959,2008,wed
jun,2008-06-12,4.958,2008,thu
jun,2008-06-13,4.961,2008,fri
jun,2008-06-16,4.96,2008,mon
jun,2008-06-17,4.961,2008,tue
jun,2008-06-18,4.962,2008,wed
jun,2008-06-19,4.961,2008,thu
jun,2008-06-20,4.959,2008,fri
jun,2008-06-23,4.958,2008,mon
jun,2008-06-24,4.958,2008,tue
jun,2008-06-25,4.958,2008,wed
jun,2008-06-26,4.955,2008,thu
jun,2008-06-27,4.947,2008,fri
jun,2008-06-30,4.947,2008,mon
jul,2008-07-01,4.955,2008,tue
jul,2008-07-02,4.956,2008,wed
jul,2008-07-03,4.966,2008,thu
jul,2008-07-04,4.959,2008,fri
jul,2008-07-07,4.96,2008,mon
jul,2008-07-08,4.962,2008,tue
jul,2008-07-09,4.962,2008,wed
jul,2008-07-10,4.963,2008,thu
jul,2008-07-11,4.963,2008,fri
jul,2008-07-14,4.962,2008,mon
jul,2008-07-15,4.961,2008,tue
jul,2008-07-16,4.957,2008,wed
jul,2008-07-17,4.958,2008,thu
jul,2008-07-18,4.957,2008,fri
jul,2008-07-21,4.96,2008,mon
jul,2008-07-22,4.961,2008,tue
jul,2008-07-23,4.963,2008,wed
jul,2008-07-24,4.962,2008,thu
jul,2008-07-25,4.962,2008,fri
jul,2008-07-28,4.962,2008,mon
jul,2008-07-29,4.961,2008,tue
jul,2008-07-30,4.963,2008,wed
jul,2008-07-31,4.968,2008,thu
aug,2008-08-01,4.968,2008,fri
aug,2008-08-04,4.97,2008,mon
aug,2008-08-05,4.968,2008,tue
aug,2008-08-06,4.967,2008,wed
aug,2008-08-07,4.968,2008,thu
aug,2008-08-08,4.966,2008,fri
aug,2008-08-11,4.965,2008,mon
aug,2008-08-12,4.966,2008,tue
aug,2008-08-13,4.965,2008,wed
aug,2008-08-14,4.964,2008,thu
aug,2008-08-15,4.966,2008,fri
aug,2008-08-18,4.963,2008,mon
aug,2008-08-19,4.963,2008,tue
aug,2008-08-20,4.964,2008,wed
aug,2008-08-21,4.963,2008,thu
aug,2008-08-22,4.964,2008,fri
aug,2008-08-25,4.965,2008,mon
aug,2008-08-26,4.965,2008,tue
aug,2008-08-27,4.964,2008,wed
aug,2008-08-28,4.962,2008,thu
aug,2008-08-29,4.963,2008,fri
sep,2008-09-01,4.961,2008,mon
sep,2008-09-02,4.961,2008,tue
sep,2008-09-03,4.96,2008,wed
sep,2008-09-04,4.961,2008,thu
sep,2008-09-05,4.96,2008,fri
sep,2008-09-08,4.959,2008,mon
sep,2008-09-09,4.958,2008,tue
sep,2008-09-10,4.959,2008,wed
sep,2008-09-11,4.958,2008,thu
sep,2008-09-12,4.958,2008,fri
sep,2008-09-15,4.964,2008,mon
sep,2008-09-16,4.969,2008,tue
sep,2008-09-17,4.973,2008,wed
sep,2008-09-18,4.991,2008,thu
sep,2008-09-19,5.005,2008,fri
sep,2008-09-22,5.029,2008,mon
sep,2008-09-23,5.055,2008,tue
sep,2008-09-24,5.066,2008,wed
sep,2008-09-25,5.119,2008,thu
sep,2008-09-26,5.142,2008,fri
sep,2008-09-29,5.237,2008,mon
sep,2008-09-30,5.277,2008,tue
oct,2008-10-01,5.291,2008,wed
oct,2008-10-02,5.33,2008,thu
oct,2008-10-03,5.339,2008,fri
oct,2008-10-06,5.345,2008,mon
oct,2008-10-07,5.377,2008,tue
oct,2008-10-08,5.393,2008,wed
oct,2008-10-09,5.393,2008,thu
oct,2008-10-10,5.381,2008,fri
oct,2008-10-13,5.318,2008,mon
oct,2008-10-14,5.235,2008,tue
oct,2008-10-15,5.168,2008,wed
oct,2008-10-16,5.09,2008,thu
oct,2008-10-17,5.045,2008,fri
oct,2008-10-20,5.0,2008,mon
oct,2008-10-21,4.968,2008,tue
oct,2008-10-22,4.936,2008,wed
oct,2008-10-23,4.921,2008,thu
oct,2008-10-24,4.918,2008,fri
oct,2008-10-27,4.912,2008,mon
oct,2008-10-28,4.86,2008,tue
oct,2008-10-29,4.827,2008,wed
oct,2008-10-30,4.794,2008,thu
oct,2008-10-31,4.76,2008,fri
nov,2008-11-03,4.733,2008,mon
nov,2008-11-04,4.7,2008,tue
nov,2008-11-05,4.663,2008,wed
nov,2008-11-06,4.592,2008,thu
nov,2008-11-07,4.474,2008,fri
nov,2008-11-10,4.406,2008,mon
nov,2008-11-11,4.343,2008,tue
nov,2008-11-12,4.286,2008,wed
nov,2008-11-13,4.245,2008,thu
nov,2008-11-14,4.223,2008,fri
nov,2008-11-17,4.191,2008,mon
nov,2008-11-18,4.153,2008,tue
nov,2008-11-19,4.12,2008,wed
nov,2008-11-20,4.076,2008,thu
nov,2008-11-21,4.021,2008,fri
nov,2008-11-24,3.97,2008,mon
nov,2008-11-25,3.937,2008,tue
nov,2008-11-26,3.901,2008,wed
nov,2008-11-27,3.879,2008,thu
nov,2008-11-28,3.853,2008,fri
dec,2008-12-01,3.816,2008,mon
dec,2008-12-02,3.786,2008,tue
dec,2008-12-03,3.743,2008,wed
dec,2008-12-04,3.669,2008,thu
dec,2008-12-05,3.563,2008,fri
dec,2008-12-08,3.488,2008,mon
dec,2008-12-09,3.428,2008,tue
dec,2008-12-10,3.376,2008,wed
dec,2008-12-11,3.329,2008,thu
dec,2008-12-12,3.282,2008,fri
dec,2008-12-15,3.243,2008,mon
dec,2008-12-16,3.204,2008,tue
dec,2008-12-17,3.155,2008,wed
dec,2008-12-18,3.125,2008,thu
dec,2008-12-19,3.082,2008,fri
dec,2008-12-22,3.053,2008,mon
dec,2008-12-23,3.019,2008,tue
dec,2008-12-24,2.991,2008,wed
dec,2008-12-29,2.973,2008,mon
dec,2008-12-30,2.928,2008,tue
dec,2008-12-31,2.892,2008,wed
jan,2009-01-02,2.859,2009,fri
jan,2009-01-05,2.822,2009,mon
jan,2009-01-06,2.797,2009,tue
jan,2009-01-07,2.762,2009,wed
jan,2009-01-08,2.729,2009,thu
jan,2009-01-09,2.692,2009,fri
jan,2009-01-12,2.653,2009,mon
jan,2009-01-13,2.612,2009,tue
jan,2009-01-14,2.572,2009,wed
jan,2009-01-15,2.51,2009,thu
jan,2009-01-16,2.453,2009,fri
jan,2009-01-19,2.41,2009,mon
jan,2009-01-20,2.37,2009,tue
jan,2009-01-21,2.312,2009,wed
jan,2009-01-22,2.254,2009,thu
jan,2009-01-23,2.199,2009,fri
jan,2009-01-26,2.149,2009,mon
jan,2009-01-27,2.13,2009,tue
jan,2009-01-28,2.115,2009,wed
jan,2009-01-29,2.101,2009,thu
jan,2009-01-30,2.086,2009,fri
feb,2009-02-02,2.077,2009,mon
feb,2009-02-03,2.064,2009,tue
feb,2009-02-04,2.053,2009,wed
feb,2009-02-05,2.039,2009,thu
feb,2009-02-06,2.022,2009,fri
feb,2009-02-09,2.005,2009,mon
feb,2009-02-10,1.989,2009,tue
feb,2009-02-11,1.975,2009,wed
feb,2009-02-12,1.959,2009,thu
feb,2009-02-13,1.943,2009,fri
feb,2009-02-16,1.927,2009,mon
feb,2009-02-17,1.912,2009,tue
feb,2009-02-18,1.9,2009,wed
feb,2009-02-19,1.888,2009,thu
feb,2009-02-20,1.875,2009,fri
feb,2009-02-23,1.867,2009,mon
feb,2009-02-24,1.858,2009,tue
feb,2009-02-25,1.848,2009,wed
feb,2009-02-26,1.835,2009,thu
feb,2009-02-27,1.825,2009,fri
mar,2009-03-02,1.811,2009,mon
mar,2009-03-03,1.799,2009,tue
mar,2009-03-04,1.778,2009,wed
mar,2009-03-05,1.757,2009,thu
mar,2009-03-06,1.726,2009,fri
mar,2009-03-09,1.703,2009,mon
mar,2009-03-10,1.687,2009,tue
mar,2009-03-11,1.663,2009,wed
mar,2009-03-12,1.65,2009,thu
mar,2009-03-13,1.64,2009,fri
mar,2009-03-16,1.629,2009,mon
mar,2009-03-17,1.614,2009,tue
mar,2009-03-18,1.602,2009,wed
mar,2009-03-19,1.584,2009,thu
mar,2009-03-20,1.574,2009,fri
mar,2009-03-23,1.56,2009,mon
mar,2009-03-24,1.556,2009,tue
mar,2009-03-25,1.548,2009,wed
mar,2009-03-26,1.538,2009,thu
mar,2009-03-27,1.531,2009,fri
mar,2009-03-30,1.52,2009,mon
mar,2009-03-31,1.51,2009,tue
apr,2009-04-01,1.498,2009,wed
apr,2009-04-02,1.483,2009,thu
apr,2009-04-03,1.479,2009,fri
apr,2009-04-06,1.466,2009,mon
apr,2009-04-07,1.453,2009,tue
apr,2009-04-08,1.445,2009,wed
apr,2009-04-09,1.435,2009,thu
apr,2009-04-14,1.423,2009,tue
apr,2009-04-15,1.415,2009,wed
apr,2009-04-16,1.41,2009,thu
apr,2009-04-17,1.405,2009,fri
apr,2009-04-20,1.405,2009,mon
apr,2009-04-21,1.405,2009,tue
apr,2009-04-22,1.405,2009,wed
apr,2009-04-23,1.406,2009,thu
apr,2009-04-24,1.4,2009,fri
apr,2009-04-27,1.392,2009,mon
apr,2009-04-28,1.384,2009,tue
apr,2009-04-29,1.372,2009,wed
apr,2009-04-30,1.365,2009,thu
may,2009-05-04,1.354,2009,mon
may,2009-05-05,1.344,2009,tue
may,2009-05-06,1.334,2009,wed
may,2009-05-07,1.327,2009,thu
may,2009-05-08,1.313,2009,fri
may,2009-05-11,1.299,2009,mon
may,2009-05-12,1.291,2009,tue
may,2009-05-13,1.281,2009,wed
may,2009-05-14,1.266,2009,thu
may,2009-05-15,1.25,2009,fri
may,2009-05-18,1.244,2009,mon
may,2009-05-19,1.237,2009,tue
may,2009-05-20,1.244,2009,wed
may,2009-05-21,1.252,2009,thu
may,2009-05-22,1.259,2009,fri
may,2009-05-25,1.264,2009,mon
may,2009-05-26,1.266,2009,tue
may,2009-05-27,1.27,2009,wed
may,2009-05-28,1.27,2009,thu
may,2009-05-29,1.269,2009,fri
jun,2009-06-01,1.266,2009,mon
jun,2009-06-02,1.262,2009,tue
jun,2009-06-03,1.26,2009,wed
jun,2009-06-04,1.26,2009,thu
jun,2009-06-05,1.268,2009,fri
jun,2009-06-08,1.281,2009,mon
jun,2009-06-09,1.286,2009,tue
jun,2009-06-10,1.283,2009,wed
jun,2009-06-11,1.277,2009,thu
jun,2009-06-12,1.268,2009,fri
jun,2009-06-15,1.26,2009,mon
jun,2009-06-16,1.252,2009,tue
jun,2009-06-17,1.244,2009,wed
jun,2009-06-18,1.235,2009,thu
jun,2009-06-19,1.224,2009,fri
jun,2009-06-22,1.215,2009,mon
jun,2009-06-23,1.206,2009,tue
jun,2009-06-24,1.195,2009,wed
jun,2009-06-25,1.145,2009,thu
jun,2009-06-26,1.12,2009,fri
jun,2009-06-29,1.108,2009,mon
jun,2009-06-30,1.099,2009,tue
jul,2009-07-01,1.085,2009,wed
jul,2009-07-02,1.072,2009,thu
jul,2009-07-03,1.059,2009,fri
jul,2009-07-06,1.048,2009,mon
jul,2009-07-07,1.044,2009,tue
jul,2009-07-08,1.029,2009,wed
jul,2009-07-09,1.018,2009,thu
jul,2009-07-10,1.007,2009,fri
jul,2009-07-13,0.996,2009,mon
jul,2009-07-14,0.985,2009,tue
jul,2009-07-15,0.979,2009,wed
jul,2009-07-16,0.969,2009,thu
jul,2009-07-17,0.954,2009,fri
jul,2009-07-20,0.944,2009,mon
jul,2009-07-21,0.937,2009,tue
jul,2009-07-22,0.933,2009,wed
jul,2009-07-23,0.927,2009,thu
jul,2009-07-24,0.921,2009,fri
jul,2009-07-27,0.914,2009,mon
jul,2009-07-28,0.908,2009,tue
jul,2009-07-29,0.903,2009,wed
jul,2009-07-30,0.899,2009,thu
jul,2009-07-31,0.893,2009,fri
aug,2009-08-03,0.886,2009,mon
aug,2009-08-04,0.884,2009,tue
aug,2009-08-05,0.884,2009,wed
aug,2009-08-06,0.883,2009,thu
aug,2009-08-07,0.881,2009,fri
aug,2009-08-10,0.884,2009,mon
aug,2009-08-11,0.883,2009,tue
aug,2009-08-12,0.879,2009,wed
aug,2009-08-13,0.873,2009,thu
aug,2009-08-14,0.869,2009,fri
aug,2009-08-17,0.861,2009,mon
aug,2009-08-18,0.859,2009,tue
aug,2009-08-19,0.854,2009,wed
aug,2009-08-20,0.851,2009,thu
aug,2009-08-21,0.849,2009,fri
aug,2009-08-24,0.843,2009,mon
aug,2009-08-25,0.838,2009,tue
aug,2009-08-26,0.834,2009,wed
aug,2009-08-27,0.829,2009,thu
aug,2009-08-28,0.825,2009,fri
aug,2009-08-31,0.821,2009,mon
sep,2009-09-01,0.819,2009,tue
sep,2009-09-02,0.813,2009,wed
sep,2009-09-03,0.809,2009,thu
sep,2009-09-04,0.803,2009,fri
sep,2009-09-07,0.797,2009,mon
sep,2009-09-08,0.788,2009,tue
sep,2009-09-09,0.781,2009,wed
sep,2009-09-10,0.778,2009,thu
sep,2009-09-11,0.773,2009,fri
sep,2009-09-14,0.771,2009,mon
sep,2009-09-15,0.77,2009,tue
sep,2009-09-16,0.768,2009,wed
sep,2009-09-17,0.766,2009,thu
sep,2009-09-18,0.762,2009,fri
sep,2009-09-21,0.758,2009,mon
sep,2009-09-22,0.755,2009,tue
sep,2009-09-23,0.749,2009,wed
sep,2009-09-24,0.743,2009,thu
sep,2009-09-25,0.741,2009,fri
sep,2009-09-28,0.739,2009,mon
sep,2009-09-29,0.75,2009,tue
sep,2009-09-30,0.753,2009,wed
oct,2009-10-01,0.754,2009,thu
oct,2009-10-02,0.752,2009,fri
oct,2009-10-05,0.746,2009,mon
oct,2009-10-06,0.744,2009,tue
oct,2009-10-07,0.74,2009,wed
oct,2009-10-08,0.741,2009,thu
oct,2009-10-09,0.743,2009,fri
oct,2009-10-12,0.743,2009,mon
oct,2009-10-13,0.742,2009,tue
oct,2009-10-14,0.742,2009,wed
oct,2009-10-15,0.74,2009,thu
oct,2009-10-16,0.739,2009,fri
oct,2009-10-19,0.739,2009,mon
oct,2009-10-20,0.737,2009,tue
oct,2009-10-21,0.735,2009,wed
oct,2009-10-22,0.733,2009,thu
oct,2009-10-23,0.73,2009,fri
oct,2009-10-26,0.731,2009,mon
oct,2009-10-27,0.728,2009,tue
oct,2009-10-28,0.724,2009,wed
oct,2009-10-29,0.722,2009,thu
oct,2009-10-30,0.72,2009,fri
nov,2009-11-02,0.722,2009,mon
nov,2009-11-03,0.72,2009,tue
nov,2009-11-04,0.719,2009,wed
nov,2009-11-05,0.716,2009,thu
nov,2009-11-06,0.716,2009,fri
nov,2009-11-09,0.715,2009,mon
nov,2009-11-10,0.715,2009,tue
nov,2009-11-11,0.715,2009,wed
nov,2009-11-12,0.714,2009,thu
nov,2009-11-13,0.714,2009,fri
nov,2009-11-16,0.714,2009,mon
nov,2009-11-17,0.715,2009,tue
nov,2009-11-18,0.715,2009,wed
nov,2009-11-19,0.715,2009,thu
nov,2009-11-20,0.714,2009,fri
nov,2009-11-23,0.715,2009,mon
nov,2009-11-24,0.716,2009,tue
nov,2009-11-25,0.716,2009,wed
nov,2009-11-26,0.717,2009,thu
nov,2009-11-27,0.718,2009,fri
nov,2009-11-30,0.719,2009,mon
dec,2009-12-01,0.72,2009,tue
dec,2009-12-02,0.721,2009,wed
dec,2009-12-03,0.72,2009,thu
dec,2009-12-04,0.718,2009,fri
dec,2009-12-07,0.717,2009,mon
dec,2009-12-08,0.716,2009,tue
dec,2009-12-09,0.715,2009,wed
dec,2009-12-10,0.714,2009,thu
dec,2009-12-11,0.714,2009,fri
dec,2009-12-14,0.715,2009,mon
dec,2009-12-15,0.715,2009,tue
dec,2009-12-16,0.715,2009,wed
dec,2009-12-17,0.712,2009,thu
dec,2009-12-18,0.71,2009,fri
dec,2009-12-21,0.709,2009,mon
dec,2009-12-22,0.708,2009,tue
dec,2009-12-23,0.706,2009,wed
dec,2009-12-24,0.707,2009,thu
dec,2009-12-28,0.706,2009,mon
dec,2009-12-29,0.707,2009,tue
dec,2009-12-30,0.7,2009,wed
dec,2009-12-31,0.7,2009,thu
jan,2010-01-04,0.7,2010,mon
jan,2010-01-05,0.699,2010,tue
jan,2010-01-06,0.694,2010,wed
jan,2010-01-07,0.692,2010,thu
jan,2010-01-08,0.691,2010,fri
jan,2010-01-11,0.689,2010,mon
jan,2010-01-12,0.685,2010,tue
jan,2010-01-13,0.684,2010,wed
jan,2010-01-14,0.682,2010,thu
jan,2010-01-15,0.68,2010,fri
jan,2010-01-18,0.677,2010,mon
jan,2010-01-19,0.675,2010,tue
jan,2010-01-20,0.674,2010,wed
jan,2010-01-21,0.672,2010,thu
jan,2010-01-22,0.67,2010,fri
jan,2010-01-25,0.669,2010,mon
jan,2010-01-26,0.667,2010,tue
jan,2010-01-27,0.665,2010,wed
jan,2010-01-28,0.665,2010,thu
jan,2010-01-29,0.665,2010,fri
feb,2010-02-01,0.665,2010,mon
feb,2010-02-02,0.665,2010,tue
feb,2010-02-03,0.665,2010,wed
feb,2010-02-04,0.665,2010,thu
feb,2010-02-05,0.663,2010,fri
feb,2010-02-08,0.661,2010,mon
feb,2010-02-09,0.661,2010,tue
feb,2010-02-10,0.662,2010,wed
feb,2010-02-11,0.662,2010,thu
feb,2010-02-12,0.663,2010,fri
feb,2010-02-15,0.661,2010,mon
feb,2010-02-16,0.663,2010,tue
feb,2010-02-17,0.662,2010,wed
feb,2010-02-18,0.66,2010,thu
feb,2010-02-19,0.661,2010,fri
feb,2010-02-22,0.661,2010,mon
feb,2010-02-23,0.661,2010,tue
feb,2010-02-24,0.659,2010,wed
feb,2010-02-25,0.658,2010,thu
feb,2010-02-26,0.656,2010,fri
mar,2010-03-01,0.655,2010,mon
mar,2010-03-02,0.655,2010,tue
mar,2010-03-03,0.655,2010,wed
mar,2010-03-04,0.654,2010,thu
mar,2010-03-05,0.653,2010,fri
mar,2010-03-08,0.652,2010,mon
mar,2010-03-09,0.652,2010,tue
mar,2010-03-10,0.651,2010,wed
mar,2010-03-11,0.65,2010,thu
mar,2010-03-12,0.649,2010,fri
mar,2010-03-15,0.646,2010,mon
mar,2010-03-16,0.646,2010,tue
mar,2010-03-17,0.644,2010,wed
mar,2010-03-18,0.643,2010,thu
mar,2010-03-19,0.642,2010,fri
mar,2010-03-22,0.639,2010,mon
mar,2010-03-23,0.637,2010,tue
mar,2010-03-24,0.636,2010,wed
mar,2010-03-25,0.635,2010,thu
mar,2010-03-26,0.636,2010,fri
mar,2010-03-29,0.635,2010,mon
mar,2010-03-30,0.635,2010,tue
mar,2010-03-31,0.634,2010,wed
apr,2010-04-01,0.635,2010,thu
apr,2010-04-02,0.635,2010,fri
apr,2010-04-05,0.635,2010,mon
apr,2010-04-06,0.638,2010,tue
apr,2010-04-07,0.639,2010,wed
apr,2010-04-08,0.64,2010,thu
apr,2010-04-09,0.641,2010,fri
apr,2010-04-12,0.642,2010,mon
apr,2010-04-13,0.644,2010,tue
apr,2010-04-14,0.644,2010,wed
apr,2010-04-15,0.644,2010,thu
apr,2010-04-16,0.644,2010,fri
apr,2010-04-19,0.643,2010,mon
apr,2010-04-20,0.642,2010,tue
apr,2010-04-21,0.642,2010,wed
apr,2010-04-22,0.644,2010,thu
apr,2010-04-23,0.645,2010,fri
apr,2010-04-26,0.645,2010,mon
apr,2010-04-27,0.646,2010,tue
apr,2010-04-28,0.654,2010,wed
apr,2010-04-29,0.659,2010,thu
apr,2010-04-30,0.663,2010,fri
may,2010-05-03,0.665,2010,mon
may,2010-05-04,0.668,2010,tue
may,2010-05-05,0.672,2010,wed
may,2010-05-06,0.677,2010,thu
may,2010-05-07,0.682,2010,fri
may,2010-05-10,0.682,2010,mon
may,2010-05-11,0.682,2010,tue
may,2010-05-12,0.682,2010,wed
may,2010-05-13,0.683,2010,thu
may,2010-05-14,0.684,2010,fri
may,2010-05-17,0.685,2010,mon
may,2010-05-18,0.688,2010,tue
may,2010-05-19,0.69,2010,wed
may,2010-05-20,0.692,2010,thu
may,2010-05-21,0.695,2010,fri
may,2010-05-24,0.697,2010,mon
may,2010-05-25,0.697,2010,tue
may,2010-05-26,0.697,2010,wed
may,2010-05-27,0.699,2010,thu
may,2010-05-28,0.699,2010,fri
may,2010-05-31,0.701,2010,mon
jun,2010-06-01,0.702,2010,tue
jun,2010-06-02,0.704,2010,wed
jun,2010-06-03,0.706,2010,thu
jun,2010-06-04,0.707,2010,fri
jun,2010-06-07,0.711,2010,mon
jun,2010-06-08,0.713,2010,tue
jun,2010-06-09,0.715,2010,wed
jun,2010-06-10,0.718,2010,thu
jun,2010-06-11,0.719,2010,fri
jun,2010-06-14,0.72,2010,mon
jun,2010-06-15,0.723,2010,tue
jun,2010-06-16,0.727,2010,wed
jun,2010-06-17,0.729,2010,thu
jun,2010-06-18,0.732,2010,fri
jun,2010-06-21,0.733,2010,mon
jun,2010-06-22,0.737,2010,tue
jun,2010-06-23,0.739,2010,wed
jun,2010-06-24,0.742,2010,thu
jun,2010-06-25,0.748,2010,fri
jun,2010-06-28,0.754,2010,mon
jun,2010-06-29,0.761,2010,tue
jun,2010-06-30,0.767,2010,wed
jul,2010-07-01,0.782,2010,thu
jul,2010-07-02,0.79,2010,fri
jul,2010-07-05,0.793,2010,mon
jul,2010-07-06,0.797,2010,tue
jul,2010-07-07,0.802,2010,wed
jul,2010-07-08,0.81,2010,thu
jul,2010-07-09,0.822,2010,fri
jul,2010-07-12,0.827,2010,mon
jul,2010-07-13,0.835,2010,tue
jul,2010-07-14,0.84,2010,wed
jul,2010-07-15,0.846,2010,thu
jul,2010-07-16,0.861,2010,fri
jul,2010-07-19,0.87,2010,mon
jul,2010-07-20,0.876,2010,tue
jul,2010-07-21,0.881,2010,wed
jul,2010-07-22,0.884,2010,thu
jul,2010-07-23,0.885,2010,fri
jul,2010-07-26,0.889,2010,mon
jul,2010-07-27,0.893,2010,tue
jul,2010-07-28,0.896,2010,wed
jul,2010-07-29,0.899,2010,thu
jul,2010-07-30,0.896,2010,fri
aug,2010-08-02,0.898,2010,mon
aug,2010-08-03,0.899,2010,tue
aug,2010-08-04,0.9,2010,wed
aug,2010-08-05,0.904,2010,thu
aug,2010-08-06,0.905,2010,fri
aug,2010-08-09,0.904,2010,mon
aug,2010-08-10,0.904,2010,tue
aug,2010-08-11,0.903,2010,wed
aug,2010-08-12,0.899,2010,thu
aug,2010-08-13,0.898,2010,fri
aug,2010-08-16,0.896,2010,mon
aug,2010-08-17,0.895,2010,tue
aug,2010-08-18,0.894,2010,wed
aug,2010-08-19,0.891,2010,thu
aug,2010-08-20,0.89,2010,fri
aug,2010-08-23,0.891,2010,mon
aug,2010-08-24,0.889,2010,tue
aug,2010-08-25,0.89,2010,wed
aug,2010-08-26,0.889,2010,thu
aug,2010-08-27,0.888,2010,fri
aug,2010-08-30,0.888,2010,mon
aug,2010-08-31,0.886,2010,tue
sep,2010-09-01,0.886,2010,wed
sep,2010-09-02,0.884,2010,thu
sep,2010-09-03,0.883,2010,fri
sep,2010-09-06,0.882,2010,mon
sep,2010-09-07,0.881,2010,tue
sep,2010-09-08,0.88,2010,wed
sep,2010-09-09,0.879,2010,thu
sep,2010-09-10,0.878,2010,fri
sep,2010-09-13,0.879,2010,mon
sep,2010-09-14,0.877,2010,tue
sep,2010-09-15,0.876,2010,wed
sep,2010-09-16,0.879,2010,thu
sep,2010-09-17,0.879,2010,fri
sep,2010-09-20,0.876,2010,mon
sep,2010-09-21,0.879,2010,tue
sep,2010-09-22,0.879,2010,wed
sep,2010-09-23,0.878,2010,thu
sep,2010-09-24,0.879,2010,fri
sep,2010-09-27,0.879,2010,mon
sep,2010-09-28,0.88,2010,tue
sep,2010-09-29,0.886,2010,wed
sep,2010-09-30,0.892,2010,thu
oct,2010-10-01,0.942,2010,fri
oct,2010-10-04,0.953,2010,mon
oct,2010-10-05,0.956,2010,tue
oct,2010-10-06,0.959,2010,wed
oct,2010-10-07,0.965,2010,thu
oct,2010-10-08,0.972,2010,fri
oct,2010-10-11,0.977,2010,mon
oct,2010-10-12,0.982,2010,tue
oct,2010-10-13,0.985,2010,wed
oct,2010-10-14,0.987,2010,thu
oct,2010-10-15,0.993,2010,fri
oct,2010-10-18,1.0,2010,mon
oct,2010-10-19,1.008,2010,tue
oct,2010-10-20,1.016,2010,wed
oct,2010-10-21,1.025,2010,thu
oct,2010-10-22,1.029,2010,fri
oct,2010-10-25,1.032,2010,mon
oct,2010-10-26,1.037,2010,tue
oct,2010-10-27,1.043,2010,wed
oct,2010-10-28,1.045,2010,thu
oct,2010-10-29,1.045,2010,fri
nov,2010-11-01,1.046,2010,mon
nov,2010-11-02,1.047,2010,tue
nov,2010-11-03,1.049,2010,wed
nov,2010-11-04,1.05,2010,thu
nov,2010-11-05,1.05,2010,fri
nov,2010-11-08,1.05,2010,mon
nov,2010-11-09,1.049,2010,tue
nov,2010-11-10,1.048,2010,wed
nov,2010-11-11,1.05,2010,thu
nov,2010-11-12,1.049,2010,fri
nov,2010-11-15,1.048,2010,mon
nov,2010-11-16,1.046,2010,tue
nov,2010-11-17,1.044,2010,wed
nov,2010-11-18,1.041,2010,thu
nov,2010-11-19,1.04,2010,fri
nov,2010-11-22,1.039,2010,mon
nov,2010-11-23,1.035,2010,tue
nov,2010-11-24,1.03,2010,wed
nov,2010-11-25,1.031,2010,thu
nov,2010-11-26,1.028,2010,fri
nov,2010-11-29,1.027,2010,mon
nov,2010-11-30,1.028,2010,tue
dec,2010-12-01,1.026,2010,wed
dec,2010-12-02,1.027,2010,thu
dec,2010-12-03,1.027,2010,fri
dec,2010-12-06,1.028,2010,mon
dec,2010-12-07,1.029,2010,tue
dec,2010-12-08,1.029,2010,wed
dec,2010-12-09,1.029,2010,thu
dec,2010-12-10,1.028,2010,fri
dec,2010-12-13,1.026,2010,mon
dec,2010-12-14,1.026,2010,tue
dec,2010-12-15,1.025,2010,wed
dec,2010-12-16,1.024,2010,thu
dec,2010-12-17,1.023,2010,fri
dec,2010-12-20,1.022,2010,mon
dec,2010-12-21,1.022,2010,tue
dec,2010-12-22,1.021,2010,wed
dec,2010-12-23,1.015,2010,thu
dec,2010-12-24,1.014,2010,fri
dec,2010-12-27,1.014,2010,mon
dec,2010-12-28,1.014,2010,tue
dec,2010-12-29,1.013,2010,wed
dec,2010-12-30,1.01,2010,thu
dec,2010-12-31,1.006,2010,fri
jan,2011-01-03,1.001,2011,mon
jan,2011-01-04,0.999,2011,tue
jan,2011-01-05,0.998,2011,wed
jan,2011-01-06,0.997,2011,thu
jan,2011-01-07,0.997,2011,fri
jan,2011-01-10,0.995,2011,mon
jan,2011-01-11,0.995,2011,tue
jan,2011-01-12,0.995,2011,wed
jan,2011-01-13,0.998,2011,thu
jan,2011-01-14,1.006,2011,fri
jan,2011-01-17,1.009,2011,mon
jan,2011-01-18,1.012,2011,tue
jan,2011-01-19,1.014,2011,wed
jan,2011-01-20,1.016,2011,thu
jan,2011-01-21,1.025,2011,fri
jan,2011-01-24,1.029,2011,mon
jan,2011-01-25,1.031,2011,tue
jan,2011-01-26,1.051,2011,wed
jan,2011-01-27,1.057,2011,thu
jan,2011-01-28,1.063,2011,fri
jan,2011-01-31,1.074,2011,mon
feb,2011-02-01,1.082,2011,tue
feb,2011-02-02,1.083,2011,wed
feb,2011-02-03,1.087,2011,thu
feb,2011-02-04,1.088,2011,fri
feb,2011-02-07,1.084,2011,mon
feb,2011-02-08,1.079,2011,tue
feb,2011-02-09,1.089,2011,wed
feb,2011-02-10,1.094,2011,thu
feb,2011-02-11,1.093,2011,fri
feb,2011-02-14,1.091,2011,mon
feb,2011-02-15,1.09,2011,tue
feb,2011-02-16,1.089,2011,wed
feb,2011-02-17,1.086,2011,thu
feb,2011-02-18,1.078,2011,fri
feb,2011-02-21,1.079,2011,mon
feb,2011-02-22,1.082,2011,tue
feb,2011-02-23,1.087,2011,wed
feb,2011-02-24,1.088,2011,thu
feb,2011-02-25,1.092,2011,fri
feb,2011-02-28,1.094,2011,mon
mar,2011-03-01,1.096,2011,tue
mar,2011-03-02,1.095,2011,wed
mar,2011-03-03,1.098,2011,thu
mar,2011-03-04,1.162,2011,fri
mar,2011-03-07,1.172,2011,mon
mar,2011-03-08,1.18,2011,tue
mar,2011-03-09,1.179,2011,wed
mar,2011-03-10,1.175,2011,thu
mar,2011-03-11,1.173,2011,fri
mar,2011-03-14,1.174,2011,mon
mar,2011-03-15,1.167,2011,tue
mar,2011-03-16,1.17,2011,wed
mar,2011-03-17,1.17,2011,thu
mar,2011-03-18,1.172,2011,fri
mar,2011-03-21,1.179,2011,mon
mar,2011-03-22,1.185,2011,tue
mar,2011-03-23,1.191,2011,wed
mar,2011-03-24,1.197,2011,thu
mar,2011-03-25,1.203,2011,fri
mar,2011-03-28,1.21,2011,mon
mar,2011-03-29,1.219,2011,tue
mar,2011-03-30,1.231,2011,wed
mar,2011-03-31,1.239,2011,thu
apr,2011-04-01,1.249,2011,fri
apr,2011-04-04,1.255,2011,mon
apr,2011-04-05,1.262,2011,tue
apr,2011-04-06,1.269,2011,wed
apr,2011-04-07,1.28,2011,thu
apr,2011-04-08,1.294,2011,fri
apr,2011-04-11,1.311,2011,mon
apr,2011-04-12,1.32,2011,tue
apr,2011-04-13,1.327,2011,wed
apr,2011-04-14,1.332,2011,thu
apr,2011-04-15,1.332,2011,fri
apr,2011-04-18,1.338,2011,mon
apr,2011-04-19,1.343,2011,tue
apr,2011-04-20,1.349,2011,wed
apr,2011-04-21,1.356,2011,thu
apr,2011-04-22,1.356,2011,fri
apr,2011-04-25,1.356,2011,mon
apr,2011-04-26,1.361,2011,tue
apr,2011-04-27,1.365,2011,wed
apr,2011-04-28,1.375,2011,thu
apr,2011-04-29,1.385,2011,fri
may,2011-05-02,1.395,2011,mon
may,2011-05-03,1.402,2011,tue
may,2011-05-04,1.415,2011,wed
may,2011-05-05,1.424,2011,thu
may,2011-05-06,1.419,2011,fri
may,2011-05-09,1.423,2011,mon
may,2011-05-10,1.426,2011,tue
may,2011-05-11,1.42,2011,wed
may,2011-05-12,1.42,2011,thu
may,2011-05-13,1.425,2011,fri
may,2011-05-16,1.426,2011,mon
may,2011-05-17,1.428,2011,tue
may,2011-05-18,1.431,2011,wed
may,2011-05-19,1.434,2011,thu
may,2011-05-20,1.435,2011,fri
may,2011-05-23,1.434,2011,mon
may,2011-05-24,1.434,2011,tue
may,2011-05-25,1.435,2011,wed
may,2011-05-26,1.433,2011,thu
may,2011-05-27,1.43,2011,fri
may,2011-05-30,1.43,2011,mon
may,2011-05-31,1.433,2011,tue
